collection,set,direction,set_size,observed,expected,fold_enr,odds_ratio,pvalue,padj,genes
curated_hypothesis,H4_cytochrome_P450,down,69,22,10.02,2.2,2.79,1.9031454539455994e-4,0.0034817911735002495,FVEG_00415;FVEG_02379;FVEG_03262;FVEG_03297;FVEG_04255;FVEG_04803;FVEG_05997;FVEG_08438;FVEG_08786;FVEG_09305;FVEG_10439;FVEG_11079;FVEG_11563;FVEG_11589;FVEG_11928;FVEG_13054;FVEG_13355;FVEG_14636;FVEG_14768;FVEG_14769;FVEG_16853;FVEG_16872
curated_hypothesis,H5_methyltransferases_SAM,down,70,22,10.16,2.17,2.73,2.4012352920691374e-4,0.0034817911735002495,FVEG_00079;FVEG_00448;FVEG_02122;FVEG_04568;FVEG_05904;FVEG_06795;FVEG_07683;FVEG_08419;FVEG_08545;FVEG_08818;FVEG_08892;FVEG_10263;FVEG_10347;FVEG_10535;FVEG_11086;FVEG_11932;FVEG_11957;FVEG_12181;FVEG_12851;FVEG_12855;FVEG_13178;FVEG_13182
curated_hypothesis,H5_methyltransferases_SAM,any,70,29,17.37,1.67,2.16,0.001596936589519165,0.046311161096055785,FVEG_00079;FVEG_00413;FVEG_00448;FVEG_02122;FVEG_02363;FVEG_04568;FVEG_05904;FVEG_06795;FVEG_07020;FVEG_07683;FVEG_08419;FVEG_08545;FVEG_08818;FVEG_08892;FVEG_10263;FVEG_10347;FVEG_10535;FVEG_11086;FVEG_11932;FVEG_11957;FVEG_12181;FVEG_12499;FVEG_12851;FVEG_12855;FVEG_13178;FVEG_13182;FVEG_13686;FVEG_15124;FVEG_15414
